City_ID,City,Country,Date,Lat,Lng,Max Temp,Humidity,Cloudiness,Wind Speed
0,Pevek,RU,2020-07-13 18:50:11,69.7,170.31,41.67,72,100,3.47
1,Palana,RU,2020-07-13 18:42:30,59.12,159.97,52.25,90,88,4.63
2,Vostok,RU,2020-07-13 18:50:12,46.49,135.88,55.31,99,57,2.3
3,Jamame,SO,2020-07-13 18:50:12,0.07,42.75,76.69,81,75,10.45
4,Nyurba,RU,2020-07-13 18:50:12,63.28,118.33,58.41,83,12,0.31
5,Barrow,US,2020-07-13 18:50:12,71.29,-156.79,35.6,83,90,13.87
6,Busselton,AU,2020-07-13 18:45:30,-33.65,115.33,55.0,76,100,21.74
7,Meulaboh,ID,2020-07-13 18:50:13,4.14,96.13,77.14,84,99,2.93
8,Kapaa,US,2020-07-13 18:50:13,22.08,-159.32,77.0,78,40,13.87
9,Cicevac,RS,2020-07-13 18:50:13,43.72,21.44,68.0,42,0,9.17
10,Hithadhoo,MV,2020-07-13 18:50:13,-0.6,73.08,85.24,73,0,9.24
11,Anadyr,RU,2020-07-13 18:50:14,64.75,177.48,53.6,76,20,11.18
12,Kaitangata,NZ,2020-07-13 18:50:14,-46.28,169.85,41.0,82,32,1.99
13,Vaini,TO,2020-07-13 18:50:14,-21.2,-175.2,69.8,68,20,10.29
14,Kharp,RU,2020-07-13 18:50:14,66.8,65.81,50.25,76,100,8.59
15,Cidreira,BR,2020-07-13 18:50:14,-30.18,-50.21,54.77,56,100,12.28
16,Egvekinot,RU,2020-07-13 18:50:14,66.32,-179.17,46.54,88,93,2.66
17,Diepholz,DE,2020-07-13 18:50:14,52.6,8.37,73.0,52,1,5.88
18,Yarqa,JO,2020-07-13 18:50:15,31.98,35.69,78.8,57,0,4.7
19,Dikson,RU,2020-07-13 18:50:15,73.51,80.55,39.33,99,100,12.64
20,Jamestown,US,2020-07-13 18:47:22,42.1,-79.24,73.99,64,75,13.87
21,Punta Arenas,CL,2020-07-13 18:50:15,-53.15,-70.92,33.8,84,75,4.7
22,Krasnoselkup,RU,2020-07-13 18:50:16,65.7,82.47,52.99,97,55,10.42
23,Port Elizabeth,ZA,2020-07-13 18:50:16,-33.92,25.57,57.2,58,0,13.87
24,Zhigansk,RU,2020-07-13 18:50:16,66.77,123.37,56.71,87,0,6.02
25,Victor Harbor,AU,2020-07-13 18:50:16,-35.57,138.62,41.0,94,4,4.27
26,Albany,US,2020-07-13 18:48:35,42.6,-73.97,87.01,34,6,5.01
27,Auki,SB,2020-07-13 18:50:16,-8.77,160.7,77.43,85,100,3.18
28,Longyearbyen,SJ,2020-07-13 18:50:16,78.22,15.64,48.2,76,75,4.7
29,Bengkulu,ID,2020-07-13 18:50:17,-3.8,102.27,75.18,90,100,3.89
30,Tuktoyaktuk,CA,2020-07-13 18:50:17,69.45,-133.04,55.4,76,75,8.05
31,Kodiak,US,2020-07-13 18:50:17,57.79,-152.41,53.6,87,90,9.17
32,Chuy,UY,2020-07-13 18:50:17,-33.7,-53.46,49.48,51,0,13.69
33,Esperance,AU,2020-07-13 18:50:17,-33.87,121.9,53.6,34,0,19.46
34,Camana,PE,2020-07-13 18:50:17,-16.62,-72.71,66.76,61,2,8.25
35,Akcaabat,TR,2020-07-13 18:47:25,41.02,39.57,77.0,73,75,13.87
36,Ilulissat,GL,2020-07-13 18:50:18,69.22,-51.1,46.4,70,75,8.05
37,Codrington,AU,2020-07-13 18:50:18,-38.27,141.97,41.68,92,3,3.67
38,Ushuaia,AR,2020-07-13 18:49:16,-54.8,-68.3,33.8,86,40,27.51
39,Los Llanos De Aridane,ES,2020-07-13 18:50:18,28.66,-17.92,73.4,73,20,17.22
40,Bluff,NZ,2020-07-13 18:50:19,-46.6,168.33,48.04,78,99,9.93
41,Ahuimanu,US,2020-07-13 18:50:19,21.44,-157.84,80.6,69,40,9.17
42,San Quintin,MX,2020-07-13 18:50:19,30.48,-115.95,77.5,55,1,11.83
43,Arraial Do Cabo,BR,2020-07-13 18:50:19,-22.97,-42.03,87.8,38,0,5.82
44,Faanui,PF,2020-07-13 18:50:19,-16.48,-151.75,78.69,80,100,12.71
45,Kijang,KR,2020-07-13 18:50:19,35.24,129.21,68.0,88,90,4.7
46,Thompson,CA,2020-07-13 18:50:20,55.74,-97.86,69.8,83,90,9.17
47,Saskylakh,RU,2020-07-13 18:50:20,71.92,114.08,59.99,65,100,5.82
48,Avarua,CK,2020-07-13 18:48:43,-21.21,-159.78,68.0,72,77,9.17
49,Geraldton,AU,2020-07-13 18:50:20,-28.77,114.6,66.2,82,75,18.34
50,Arcata,US,2020-07-13 18:50:20,40.87,-124.08,63.0,82,90,8.34
51,Clyde River,CA,2020-07-13 18:50:20,70.47,-68.59,51.8,71,75,5.82
52,Kathu,TH,2020-07-13 18:50:20,7.92,98.33,82.0,100,75,1.12
53,Saint-Philippe,RE,2020-07-13 18:50:21,-21.36,55.77,66.2,77,43,4.7
54,Ribeira Grande,PT,2020-07-13 18:50:21,38.52,-28.7,73.4,69,75,17.22
55,Zheleznodorozhnyy,RU,2020-07-13 18:50:21,55.75,38.0,71.01,93,40,4.47
56,Forestville,US,2020-07-13 18:50:21,38.85,-76.88,89.01,40,20,3.36
57,Lorengau,PG,2020-07-13 18:50:21,-2.02,147.27,80.15,77,88,2.91
58,Bredasdorp,ZA,2020-07-13 18:49:00,-34.53,20.04,50.0,71,100,17.22
59,Pisco,PE,2020-07-13 18:46:13,-13.7,-76.22,63.0,87,90,8.05
60,Hilo,US,2020-07-13 18:50:22,19.73,-155.09,77.0,73,75,5.03
61,Kavaratti,IN,2020-07-13 18:46:06,10.57,72.64,82.78,75,100,11.21
62,Puerto Ayora,EC,2020-07-13 18:50:22,-0.74,-90.35,71.01,87,34,4.0
63,Cururupu,BR,2020-07-13 18:50:22,-1.83,-44.87,82.6,73,92,5.39
64,Tilichiki,RU,2020-07-13 18:50:22,60.47,166.1,50.29,95,98,4.85
65,Kinango,KE,2020-07-13 18:50:23,-4.14,39.32,75.2,88,20,5.82
66,Chiredzi,ZW,2020-07-13 18:50:23,-21.05,31.67,60.28,47,0,2.53
67,Flinders,AU,2020-07-13 18:50:23,-34.58,150.86,54.0,86,100,5.99
68,Huarmey,PE,2020-07-13 18:50:23,-10.07,-78.15,69.35,66,5,11.52
69,Chokurdakh,RU,2020-07-13 18:50:24,70.63,147.92,59.47,59,1,13.35
70,Phanom Thuan,TH,2020-07-13 18:50:24,14.13,99.7,78.06,87,100,3.47
71,Arlit,NE,2020-07-13 18:50:24,18.74,7.39,98.44,23,100,8.99
72,Port Alfred,ZA,2020-07-13 18:50:24,-33.59,26.89,59.05,41,0,29.66
73,Norman Wells,CA,2020-07-13 18:50:24,65.28,-126.83,64.4,59,40,5.82
74,Guerrero Negro,MX,2020-07-13 18:50:25,27.98,-114.06,84.87,34,0,14.63
75,Atuona,PF,2020-07-13 18:50:25,-9.8,-139.03,79.81,77,5,21.39
76,Sistranda,NO,2020-07-13 18:50:25,63.73,8.83,57.2,62,40,8.05
77,Rikitea,PF,2020-07-13 18:50:25,-23.12,-134.97,72.88,84,56,15.17
78,Elizabeth City,US,2020-07-13 18:48:02,36.29,-76.25,93.99,70,40,8.05
79,Progreso,MX,2020-07-13 18:50:26,21.28,-89.67,95.0,52,40,9.17
80,Tasiilaq,GL,2020-07-13 18:50:26,65.61,-37.64,48.2,66,75,6.93
81,Biak,ID,2020-07-13 18:50:26,-0.91,122.88,75.76,84,70,5.1
82,Nikolayevsk-Na-Amure,RU,2020-07-13 18:50:26,53.14,140.73,53.19,93,27,2.21
83,Bathsheba,BB,2020-07-13 18:50:26,13.22,-59.52,87.8,62,20,20.8
84,Gemena,CD,2020-07-13 18:50:27,3.25,19.77,70.16,97,100,3.13
85,Castro,BR,2020-07-13 18:50:27,-24.79,-50.01,70.36,70,29,8.14
86,Victoria,HK,2020-07-13 18:48:06,22.29,114.16,84.99,79,1,8.99
87,Khatanga,RU,2020-07-13 18:49:06,71.97,102.5,57.9,63,1,10.36
88,Severo-Kurilsk,RU,2020-07-13 18:50:28,50.68,156.12,48.04,89,100,7.27
89,Rybinsk,RU,2020-07-13 18:50:28,58.04,38.84,61.77,96,100,8.52
90,New Norfolk,AU,2020-07-13 18:50:28,-42.78,147.06,41.0,91,1,2.04
91,Yumen,CN,2020-07-13 18:50:28,40.28,97.2,70.66,35,0,6.58
92,Provideniya,RU,2020-07-13 18:50:28,64.38,-173.3,50.74,59,97,5.82
93,Darhan,MN,2020-07-13 18:50:29,49.49,105.92,63.28,76,0,0.98
94,Cubarral,CO,2020-07-13 18:50:29,3.79,-73.84,86.0,51,40,4.7
95,Chilliwack,CA,2020-07-13 18:50:29,49.17,-121.94,68.0,55,40,3.36
96,Port Lincoln,AU,2020-07-13 18:49:34,-34.73,135.87,51.87,84,0,9.08
97,Ola,RU,2020-07-13 18:50:29,59.58,151.28,55.62,79,100,1.83
98,Qaanaaq,GL,2020-07-13 18:50:29,77.48,-69.36,45.82,63,0,9.24
99,Mahebourg,MU,2020-07-13 18:49:25,-20.41,57.7,71.6,83,40,12.75
100,Yellowknife,CA,2020-07-13 18:50:30,62.46,-114.35,60.8,93,90,11.41
101,Kysyl-Syr,RU,2020-07-13 18:50:30,63.9,122.76,59.4,77,0,2.93
102,Port-Gentil,GA,2020-07-13 18:50:30,-0.72,8.78,77.0,83,90,17.18
103,Turinsk,RU,2020-07-13 18:50:31,58.05,63.7,66.81,72,0,4.32
104,Cherskiy,RU,2020-07-13 18:50:31,68.75,161.3,56.59,66,0,4.63
105,Te Anau,NZ,2020-07-13 18:50:31,-45.42,167.72,34.83,90,85,0.67
106,Ponta Delgada,PT,2020-07-13 18:50:31,37.73,-25.67,71.6,60,75,8.05
107,Coihaique,CL,2020-07-13 18:50:31,-45.58,-72.07,42.8,52,20,6.93
108,Mataura,NZ,2020-07-13 18:50:32,-46.19,168.86,40.87,92,100,3.11
109,Cape Town,ZA,2020-07-13 18:49:37,-33.93,18.42,54.0,58,75,10.29
110,Bonthe,SL,2020-07-13 18:50:32,7.53,-12.51,77.63,81,100,10.45
111,Khani,GE,2020-07-13 18:42:01,41.96,42.96,69.8,100,75,3.36
112,Butaritari,KI,2020-07-13 18:50:32,3.07,172.79,82.18,76,100,5.12
113,Visnes,NO,2020-07-13 18:50:32,59.36,5.22,55.4,93,90,11.41
114,Dicabisagan,PH,2020-07-13 18:50:33,17.08,122.42,77.5,83,100,5.48
115,Nelson Bay,AU,2020-07-13 18:41:47,-32.72,152.15,48.99,87,75,16.11
116,Paraiso,CR,2020-07-13 18:50:33,9.84,-83.87,71.6,73,100,9.17
117,Carnarvon,AU,2020-07-13 18:50:33,-24.87,113.63,69.8,73,75,6.93
118,Mahibadhoo,MV,2020-07-13 18:50:33,3.78,72.97,84.36,65,85,2.42
119,Tongchuan,CN,2020-07-13 18:50:33,35.08,109.09,70.2,71,100,6.91
120,Nikolskoye,RU,2020-07-13 18:49:07,59.7,30.79,61.0,63,20,6.71
121,Imeni Poliny Osipenko,RU,2020-07-13 18:50:34,52.42,136.49,56.48,94,2,3.04
122,Narsaq,GL,2020-07-13 18:49:07,60.92,-46.05,57.2,71,75,10.29
123,Alice Town,BS,2020-07-13 18:50:35,25.72,-79.3,84.72,73,48,10.13
124,Willmar,US,2020-07-13 18:50:35,45.12,-95.04,81.0,61,1,23.04
125,Catamarca,AR,2020-07-13 18:48:37,-28.47,-65.79,64.99,52,0,4.0
126,Mount Gambier,AU,2020-07-13 18:50:35,-37.83,140.77,37.4,100,90,3.36
127,Constitucion,CL,2020-07-13 18:50:36,-35.33,-72.42,60.94,66,0,8.77
128,Hun,LY,2020-07-13 18:50:36,29.13,15.95,82.47,32,0,15.88
129,Upernavik,GL,2020-07-13 18:50:36,72.79,-56.15,41.5,88,96,4.59
130,Naze,JP,2020-07-13 18:50:36,28.37,129.48,82.4,88,75,8.05
131,Indiaroba,BR,2020-07-13 18:50:36,-11.52,-37.51,77.99,77,1,5.61
132,Kirakira,SB,2020-07-13 18:50:36,-10.45,161.92,78.64,85,99,10.36
133,Igarka,RU,2020-07-13 18:50:36,67.47,86.58,53.01,91,100,3.31
134,Hobart,AU,2020-07-13 18:48:49,-42.88,147.33,42.8,87,90,5.82
135,Maanshan,CN,2020-07-13 18:50:37,31.7,118.5,75.99,100,100,4.47
136,Georgetown,MY,2020-07-13 18:50:37,5.41,100.34,78.8,94,20,3.36
137,Itarema,BR,2020-07-13 18:50:37,-2.92,-39.92,80.74,67,100,15.73
138,La Ronge,CA,2020-07-13 18:50:37,55.1,-105.28,68.0,60,75,4.7
139,Varkaus,FI,2020-07-13 18:50:37,62.32,27.87,59.0,72,100,4.7
140,Luganville,VU,2020-07-13 18:50:38,-15.53,167.17,75.2,83,20,9.46
141,Souillac,MU,2020-07-13 18:50:38,-20.52,57.52,71.6,83,40,12.75
142,Haines Junction,CA,2020-07-13 18:50:38,60.75,-137.51,59.02,51,100,5.97
143,Airai,TL,2020-07-13 18:50:38,-8.93,125.41,54.32,91,43,4.5
144,Powell River,CA,2020-07-13 18:50:38,49.85,-124.54,62.6,72,20,5.82
145,Mandalgovi,MN,2020-07-13 18:50:39,45.76,106.27,71.17,39,0,3.31
146,Wanaka,NZ,2020-07-13 18:50:39,-44.7,169.15,32.59,88,1,1.83
147,Sete Lagoas,BR,2020-07-13 18:50:39,-19.47,-44.25,80.6,39,0,3.36
148,Ahome,MX,2020-07-13 18:50:39,25.92,-109.18,93.99,52,40,16.11
149,Salto,UY,2020-07-13 18:50:39,-31.38,-57.97,59.0,44,0,9.17
150,Punta De Piedra,VE,2020-07-13 18:50:39,7.62,-71.49,83.7,71,80,4.99
151,Offa,NG,2020-07-13 18:50:40,8.15,4.72,71.83,93,100,7.4
152,Beloha,MG,2020-07-13 18:50:40,-25.17,45.05,61.52,90,0,3.65
153,Faya,SA,2020-07-13 18:50:40,18.39,42.45,75.2,50,100,5.82
154,Srednekolymsk,RU,2020-07-13 18:50:40,67.45,153.68,55.06,63,0,8.79
155,Aripuana,BR,2020-07-13 18:50:40,-9.17,-60.63,94.62,32,66,3.0
156,Hasaki,JP,2020-07-13 18:50:41,35.73,140.83,69.8,94,90,3.36
157,Astara,AZ,2020-07-13 18:50:41,38.5,48.67,80.6,68,40,9.17
158,Alofi,NU,2020-07-13 18:50:41,-19.06,-169.92,71.6,73,75,19.46
159,Fortuna,US,2020-07-13 18:50:41,40.6,-124.16,62.01,82,20,13.87
160,Forssa,FI,2020-07-13 18:50:41,60.81,23.62,57.99,90,0,1.01
161,Banjar,ID,2020-07-13 18:50:41,-8.19,114.97,78.8,100,75,14.99
162,Aleppo,SY,2020-07-13 18:50:42,36.25,37.5,78.57,63,0,18.66
163,Bardiyah,LY,2020-07-13 18:50:42,31.76,25.09,75.24,76,0,11.63
164,Maloy,NO,2020-07-13 18:50:42,61.94,5.11,55.99,93,75,10.29
165,Gamba,GA,2020-07-13 18:41:18,-2.65,10.0,70.52,91,0,5.91
166,Revadanda,IN,2020-07-13 18:50:42,18.55,72.93,87.01,94,75,3.36
167,Pavlodar,KZ,2020-07-13 18:50:42,52.3,76.95,59.0,82,0,6.71
168,Lazaro Cardenas,MX,2020-07-13 18:50:43,17.96,-102.2,86.61,63,85,6.35
169,Pacific Grove,US,2020-07-13 18:47:01,36.62,-121.92,60.8,77,90,9.17
170,Ancud,CL,2020-07-13 18:50:43,-41.87,-73.82,52.0,65,20,2.24
171,Sangar,RU,2020-07-13 18:50:43,63.92,127.47,60.26,77,0,10.07
172,Hokitika,NZ,2020-07-13 18:50:44,-42.72,170.97,45.32,79,54,6.24
173,Miri,MY,2020-07-13 18:50:44,4.41,114.01,77.0,94,40,4.7
174,Vila Franca Do Campo,PT,2020-07-13 18:50:44,37.72,-25.43,71.6,60,75,8.05
175,Umm Kaddadah,SD,2020-07-13 18:50:44,13.6,26.69,95.0,23,0,11.99
176,Fairbanks,US,2020-07-13 18:46:55,64.84,-147.72,54.0,100,90,5.82
177,Pindi Gheb,PK,2020-07-13 18:50:44,33.24,72.27,82.4,61,40,4.7
178,Paamiut,GL,2020-07-13 18:50:45,61.99,-49.67,44.13,81,0,3.13
179,Coquimbo,CL,2020-07-13 18:50:45,-29.95,-71.34,57.2,76,20,9.17
180,Levanger,NO,2020-07-13 18:47:17,63.75,11.3,60.8,51,20,8.05
181,Vila Velha,BR,2020-07-13 18:50:45,-20.33,-40.29,86.0,51,0,10.29
182,Lodja,CD,2020-07-13 18:50:45,-3.48,23.43,73.63,78,92,0.85
183,Muncar,ID,2020-07-13 18:50:46,-8.43,114.33,75.94,90,9,5.5
184,Lagoa,PT,2020-07-13 18:50:46,39.05,-27.98,69.24,80,3,13.15
185,Nueva Gerona,CU,2020-07-13 18:50:46,21.88,-82.8,86.79,62,100,2.71
186,Laguna,US,2020-07-13 18:50:46,38.42,-121.42,84.99,42,1,10.29
187,Hermanus,ZA,2020-07-13 18:50:46,-34.42,19.23,52.0,63,95,8.99
188,Ginir,ET,2020-07-13 18:50:47,7.13,40.7,59.92,90,77,8.5
189,Gushikawa,JP,2020-07-13 18:50:47,26.35,127.87,82.4,88,1,6.6
190,Biloela,AU,2020-07-13 18:50:47,-24.42,150.5,43.48,70,0,4.9
191,Kruisfontein,ZA,2020-07-13 18:50:47,-34.0,24.73,49.48,50,0,13.73
192,College,US,2020-07-13 18:50:47,64.86,-147.8,53.6,93,90,3.27
193,Kungurtug,RU,2020-07-13 18:50:48,50.6,97.52,54.82,80,100,1.72
194,Steinbach,DE,2020-07-13 18:50:48,50.17,8.57,78.8,26,49,6.93
195,Kahului,US,2020-07-13 18:50:48,20.89,-156.47,80.6,57,40,3.36
196,San Patricio,MX,2020-07-13 18:50:48,19.22,-104.7,89.6,62,40,5.82
197,Key West,US,2020-07-13 18:49:01,24.56,-81.78,91.4,62,20,12.75
198,Graaff-Reinet,ZA,2020-07-13 18:50:48,-32.25,24.53,54.0,43,13,3.0
199,Sao Desiderio,BR,2020-07-13 18:50:49,-12.36,-44.97,89.89,22,98,4.5
200,Waren,DE,2020-07-13 18:50:49,53.52,12.68,71.01,46,94,0.58
201,Ammon,US,2020-07-13 18:48:00,43.47,-111.97,72.0,43,1,17.22
202,Pangody,RU,2020-07-13 18:41:56,65.85,74.49,47.01,79,100,20.02
203,Tomatlan,MX,2020-07-13 18:50:49,19.93,-105.25,91.63,53,0,9.55
204,Oxelosund,SE,2020-07-13 18:50:49,58.67,17.1,64.4,59,78,3.36
205,Mabay,PH,2020-07-13 18:50:49,6.06,124.47,77.34,78,97,4.38
206,Touros,BR,2020-07-13 18:50:50,-5.2,-35.46,84.2,54,20,11.41
207,Deer Lake,CA,2020-07-13 18:50:50,49.17,-57.43,78.8,69,90,9.17
208,Kaeo,NZ,2020-07-13 18:50:50,-35.1,173.78,50.0,3,100,2.08
209,Torbay,CA,2020-07-13 18:50:50,47.67,-52.73,77.0,69,75,16.11
210,Harnosand,SE,2020-07-13 18:50:50,62.63,17.94,60.01,71,0,4.7
211,Aksehir,TR,2020-07-13 18:50:51,38.36,31.42,70.09,52,0,12.17
212,Edeia,BR,2020-07-13 18:50:51,-17.34,-49.93,87.62,28,0,3.56
213,Bandundu,CD,2020-07-13 18:50:51,-3.32,17.37,80.33,65,98,6.55
214,Lebu,CL,2020-07-13 18:50:51,-37.62,-73.65,52.48,69,0,3.69
215,Nuuk,GL,2020-07-13 18:50:51,64.18,-51.72,51.8,71,20,12.75
216,Tiksi,RU,2020-07-13 18:50:51,71.69,128.87,50.09,87,100,10.89
217,Karratha,AU,2020-07-13 18:50:52,-20.74,116.85,64.13,54,11,8.1
218,Stephenville Crossing,CA,2020-07-13 18:50:52,48.5,-58.43,66.99,88,90,14.99
219,Yantal,RU,2020-07-13 18:50:52,56.85,105.25,61.63,79,0,1.79
220,Bambous Virieux,MU,2020-07-13 18:50:52,-20.34,57.76,72.0,83,40,12.75
221,East London,ZA,2020-07-13 18:50:52,-33.02,27.91,63.16,35,0,25.97
222,Iqaluit,CA,2020-07-13 18:50:52,63.75,-68.51,64.4,42,20,14.99
223,Farafangana,MG,2020-07-13 18:50:53,-22.82,47.83,68.67,87,0,8.48
224,Mehendiganj,BD,2020-07-13 18:50:53,22.82,90.53,80.98,88,100,8.57
225,Dayong,CN,2020-07-13 18:50:53,25.02,118.29,84.2,89,24,2.24
226,Manavalakurichi,IN,2020-07-13 18:50:54,8.13,77.3,80.6,88,40,6.93
227,Moranbah,AU,2020-07-13 18:41:54,-22.0,148.05,46.51,60,0,8.1
228,Sao Filipe,CV,2020-07-13 18:46:35,14.9,-24.5,78.01,82,29,5.77
229,San Andres,CO,2020-07-13 18:50:54,12.58,-81.7,87.8,70,40,10.29
230,Nizhniy Odes,RU,2020-07-13 18:50:54,63.64,54.86,54.25,62,54,3.31
231,Charters Towers,AU,2020-07-13 18:47:47,-20.1,146.27,47.7,53,15,10.27
232,Port Hardy,CA,2020-07-13 18:50:55,50.7,-127.42,57.2,87,75,4.7
233,Puerto Baquerizo Moreno,EC,2020-07-13 18:50:16,-0.9,-89.6,67.03,88,13,12.53
234,Klaksvik,FO,2020-07-13 18:50:55,62.23,-6.59,51.8,100,99,8.05
235,Banda Aceh,ID,2020-07-13 18:42:30,5.56,95.32,78.71,80,100,3.89
236,Boysun,UZ,2020-07-13 18:50:55,38.21,67.2,72.19,37,0,1.01
237,Kamenica,DE,2020-07-13 18:47:14,50.83,12.92,73.99,53,69,4.32
238,Kargasok,RU,2020-07-13 18:50:56,59.06,80.86,64.78,79,62,6.42
239,Leningradskiy,RU,2020-07-13 18:50:56,69.38,178.42,36.73,88,100,7.92
240,Wilmington,US,2020-07-13 18:50:56,34.23,-77.94,93.0,62,90,11.48
241,Cabo San Lucas,MX,2020-07-13 18:50:56,22.89,-109.91,93.2,48,20,9.17
242,Mackenzie,CA,2020-07-13 18:50:56,55.3,-123.17,59.0,67,1,5.82
243,Socorro,US,2020-07-13 18:50:56,31.65,-106.3,102.2,18,5,12.75
244,Half Moon Bay,US,2020-07-13 18:50:57,37.46,-122.43,70.0,87,75,4.7
245,Hofn,IS,2020-07-13 18:50:57,64.25,-15.21,53.6,93,75,5.82
246,Evensk,RU,2020-07-13 18:50:57,61.95,159.23,55.22,84,100,4.79
247,Prince Rupert,CA,2020-07-13 18:50:57,54.32,-130.32,57.2,82,90,6.93
248,Velizh,RU,2020-07-13 18:50:57,55.61,31.2,53.24,94,35,3.04
249,Katihar,IN,2020-07-13 18:50:57,25.53,87.58,84.79,80,100,5.32
250,Kuntaur,GM,2020-07-13 18:50:58,13.67,-14.88,91.44,50,49,4.59
251,Macau,MO,2020-07-13 18:50:58,22.2,113.55,84.2,83,20,9.17
252,Zharkent,KZ,2020-07-13 18:42:22,44.16,80.0,67.35,33,2,2.46
253,Avera,US,2020-07-13 18:50:58,33.19,-82.53,91.99,49,1,10.29
254,Simbahan,PH,2020-07-13 18:50:58,6.3,120.58,82.09,76,100,4.94
255,Yulara,AU,2020-07-13 18:50:58,-25.24,130.99,41.0,56,0,5.82
256,Isangel,VU,2020-07-13 18:50:59,-19.55,169.27,68.0,94,20,7.31
257,Golyshmanovo,RU,2020-07-13 18:50:59,56.4,68.37,67.23,84,0,6.26
258,Arroyo,ES,2020-07-13 18:50:59,41.61,-4.8,80.6,34,10,16.11
259,Caravelas,BR,2020-07-13 18:50:59,-17.71,-39.25,78.13,68,1,6.44
260,Roald,NO,2020-07-13 18:50:59,62.58,6.13,55.4,76,75,12.75
261,Husavik,IS,2020-07-13 18:51:00,66.04,-17.34,57.2,71,75,9.17
262,Necochea,AR,2020-07-13 18:47:19,-38.55,-58.74,46.0,74,57,14.0
263,Quang Ngai,VN,2020-07-13 18:42:21,15.12,108.8,75.54,89,98,5.68
264,Beringovskiy,RU,2020-07-13 18:51:00,63.05,179.32,48.51,91,100,4.34
265,Meadow Lake,US,2020-07-13 18:51:00,34.8,-106.54,99.0,11,1,6.93
266,Namibe,AO,2020-07-13 18:51:00,-15.2,12.15,63.91,82,0,4.21
267,Nanortalik,GL,2020-07-13 18:51:00,60.14,-45.24,45.36,91,100,0.54
268,La Asuncion,VE,2020-07-13 18:49:26,11.03,-63.86,89.6,59,96,17.22
269,Hualmay,PE,2020-07-13 18:51:01,-11.1,-77.61,67.35,68,17,10.71
270,Dhidhdhoo,MV,2020-07-13 18:51:01,6.88,73.1,84.09,70,79,5.91
271,Shingu,JP,2020-07-13 18:51:01,33.73,135.98,70.79,95,100,3.69
272,Komatipoort,ZA,2020-07-13 18:51:01,-25.43,31.95,60.67,39,0,4.79
273,Asau,RO,2020-07-13 18:51:02,46.43,26.4,55.0,75,0,3.56
274,Gat,IL,2020-07-13 18:51:02,31.61,34.76,81.0,81,0,3.04
275,Concarneau,FR,2020-07-13 18:51:02,47.88,-3.92,71.6,52,46,14.99
276,Qasigiannguit,GL,2020-07-13 18:41:39,68.82,-51.19,46.4,70,75,8.05
277,Broome,US,2020-07-13 18:51:03,42.25,-75.83,79.0,57,40,10.29
278,Saint Anthony,US,2020-07-13 18:46:38,45.02,-93.22,84.99,45,1,13.87
279,Kurilsk,RU,2020-07-13 18:51:03,45.23,147.88,50.68,95,100,4.47
280,Cayenne,GF,2020-07-13 18:47:41,4.93,-52.33,89.6,59,9,5.82
281,Sibu,MY,2020-07-13 18:41:48,2.3,111.82,75.2,94,40,4.7
282,El Dovio,CO,2020-07-13 18:51:04,4.51,-76.24,80.6,61,75,6.93
283,Tura,IN,2020-07-13 18:51:04,25.52,90.22,75.87,95,100,4.54
284,Concepcion De Buenos Aires,MX,2020-07-13 18:51:04,19.97,-103.27,78.8,50,40,6.93
285,Sabang,ID,2020-07-13 18:51:04,5.89,95.32,81.63,77,100,7.74
286,Aykhal,RU,2020-07-13 18:51:04,66.0,111.5,60.8,55,75,4.47
287,Hemnesberget,NO,2020-07-13 18:51:04,66.23,13.63,59.0,58,40,9.17
288,Kuzino,RU,2020-07-13 18:51:04,57.02,59.44,65.21,73,0,1.79
289,Sinnamary,GF,2020-07-13 18:51:05,5.38,-52.95,82.9,72,14,8.86
290,Walvis Bay,NA,2020-07-13 18:49:50,-22.96,14.51,60.8,67,0,12.75
291,Balabac,PH,2020-07-13 18:51:05,7.99,117.06,81.27,81,100,8.19
292,Petropavlovsk-Kamchatskiy,RU,2020-07-13 18:51:05,53.05,158.65,50.0,100,90,4.47
293,Chapais,CA,2020-07-13 18:47:39,49.78,-74.85,73.4,49,1,8.05
294,Nuevo Progreso,MX,2020-07-13 18:51:06,23.17,-97.95,97.0,47,0,15.1
295,Machala,EC,2020-07-13 18:51:06,-3.27,-79.97,78.8,74,75,7.92
296,Deputatskiy,RU,2020-07-13 18:51:06,69.3,139.9,56.61,70,100,3.11
297,Mount Isa,AU,2020-07-13 18:41:14,-20.73,139.5,50.0,46,39,10.29
298,Padang,ID,2020-07-13 18:51:06,-0.95,100.35,79.11,69,100,3.27
299,Antalaha,MG,2020-07-13 18:51:06,-14.9,50.28,67.6,86,1,7.18
300,Lavrentiya,RU,2020-07-13 18:46:09,65.58,-171.0,44.44,77,92,6.38
301,Oussouye,SN,2020-07-13 18:51:07,12.48,-16.55,87.8,79,20,4.7
302,Luanda,AO,2020-07-13 18:51:07,-8.84,13.23,71.6,83,20,5.82
303,Harwich,GB,2020-07-13 18:51:07,51.94,1.28,70.0,68,100,8.93
304,Hewitt,US,2020-07-13 18:51:07,31.46,-97.2,102.0,39,1,12.75
305,Aranos,NA,2020-07-13 18:51:07,-24.13,19.12,51.48,34,0,9.89
306,Jalu,LY,2020-07-13 18:51:07,29.03,21.55,83.98,32,0,17.87
307,Bereda,ES,2020-07-13 18:51:08,43.27,-7.54,71.01,64,0,11.99
308,Nioki,CD,2020-07-13 18:51:08,-2.72,17.68,77.38,79,84,4.34
309,Grong,NO,2020-07-13 18:51:08,64.47,12.31,57.2,62,20,5.82
310,Mar Del Plata,AR,2020-07-13 18:49:11,-38.0,-57.56,46.99,81,40,13.87
311,Newport,GB,2020-07-13 18:51:08,51.59,-3.0,63.0,96,100,1.01
312,Katsuura,JP,2020-07-13 18:51:08,35.13,140.3,73.0,93,100,1.01
313,Beausejour,CA,2020-07-13 18:51:09,50.06,-96.52,73.99,95,100,1.01
314,Talnakh,RU,2020-07-13 18:51:09,69.49,88.4,53.6,93,40,2.24
315,Bandarbeyla,SO,2020-07-13 18:51:09,9.49,50.81,78.67,76,0,32.77
316,Antofagasta,CL,2020-07-13 18:41:00,-23.65,-70.4,59.0,67,0,9.17
317,Launceston,AU,2020-07-13 18:51:09,-41.45,147.17,37.4,100,40,10.29
318,Nantucket,US,2020-07-13 18:51:09,41.28,-70.1,72.0,94,90,9.17
319,Atalaia,BR,2020-07-13 18:51:10,-9.5,-36.02,80.6,65,40,9.17
320,Soyaux,FR,2020-07-13 18:51:10,45.65,0.2,80.01,23,8,4.0
321,Taperoa,BR,2020-07-13 18:51:10,-7.21,-36.83,82.0,40,0,16.4
322,Sioux Lookout,CA,2020-07-13 18:51:10,50.1,-91.92,78.8,47,90,9.17
323,Tocopilla,CL,2020-07-13 18:51:10,-22.09,-70.2,67.21,38,9,4.97
324,Longido,TZ,2020-07-13 18:51:10,-2.73,36.68,65.35,53,13,13.91
325,Gasa,PS,2020-07-13 18:50:32,31.5,34.47,81.0,69,20,5.82
326,Omsukchan,RU,2020-07-13 18:51:11,62.53,155.8,60.26,67,100,7.23
327,Redlands,US,2020-07-13 18:51:11,34.06,-117.18,93.99,18,20,4.7
328,Orange,US,2020-07-13 18:51:11,33.7,-117.77,84.99,61,20,12.75
329,Zonguldak,TR,2020-07-13 18:51:11,41.25,31.83,63.66,95,100,2.98
330,Awjilah,LY,2020-07-13 18:42:40,29.11,21.29,81.03,50,0,18.3
331,Umm Lajj,SA,2020-07-13 18:51:11,25.02,37.27,83.12,56,0,4.88
332,Chateaubelair,VC,2020-07-13 18:51:12,13.28,-61.25,86.0,74,40,14.99
333,Kimbe,PG,2020-07-13 18:51:12,-5.55,150.14,75.2,87,99,3.38
334,Ivanivka,UA,2020-07-13 18:51:12,46.72,34.55,66.31,76,1,14.92
335,Nenagh,IE,2020-07-13 18:51:12,52.86,-8.2,60.01,77,75,9.17
336,Ostrovnoy,RU,2020-07-13 18:51:12,68.05,39.51,46.71,84,6,3.44
337,Nabire,ID,2020-07-13 18:51:13,-3.37,135.48,76.1,84,90,3.27
338,Sikonge,TZ,2020-07-13 18:51:13,-5.63,32.77,69.8,56,20,3.42
339,Saint-Augustin,CA,2020-07-13 18:51:13,51.23,-58.65,58.06,88,100,14.94
340,Dingle,PH,2020-07-13 18:51:13,11.0,122.67,76.86,87,100,1.45
341,Oktyabrskoye,RU,2020-07-13 18:51:13,43.06,44.74,75.2,69,100,2.24
342,Isla Vista,US,2020-07-13 18:51:13,34.41,-119.86,84.0,68,40,9.17
343,Tuatapere,NZ,2020-07-13 18:50:04,-46.13,167.68,39.52,87,51,3.85
344,Tabuk,PH,2020-07-13 18:51:14,17.42,121.44,73.99,93,100,4.79
345,Sambava,MG,2020-07-13 18:51:14,-14.27,50.17,70.68,82,2,8.77
346,Maumere,ID,2020-07-13 18:51:14,-8.62,122.21,76.91,73,0,2.86
347,Priladozhskiy,RU,2020-07-13 18:51:14,59.85,31.48,60.01,74,59,4.29
348,Dehloran,IR,2020-07-13 18:51:14,32.69,47.27,97.21,12,0,10.8
349,Brownwood,US,2020-07-13 18:50:41,31.71,-98.99,102.2,24,1,14.99
350,Matamoros,MX,2020-07-13 18:41:35,25.53,-103.25,93.2,21,40,3.44
351,Yurginskoye,RU,2020-07-13 18:51:15,56.82,67.39,67.23,86,0,3.8
352,Aguimes,ES,2020-07-13 18:51:15,27.91,-15.45,79.0,69,20,27.51
353,Vao,NC,2020-07-13 18:51:15,-22.67,167.48,72.5,77,100,12.53
354,Verkhoyansk,RU,2020-07-13 18:51:15,67.54,133.38,59.14,76,100,9.6
355,Kulhudhuffushi,MV,2020-07-13 18:41:55,6.62,73.07,84.13,69,84,4.63
356,Obo,CF,2020-07-13 18:51:15,5.4,26.49,70.72,93,100,2.35
357,Ellensburg,US,2020-07-13 18:46:57,47.0,-120.55,69.01,30,1,5.82
358,Liverpool,GB,2020-07-13 18:48:37,53.41,-2.98,64.0,82,90,10.29
359,Jeremie,HT,2020-07-13 18:51:16,18.65,-74.12,87.67,60,13,3.87
360,Charlottetown,CA,2020-07-13 18:51:16,46.24,-63.13,82.99,58,75,16.11
361,Chifeng,CN,2020-07-13 18:51:16,42.27,118.96,68.65,66,31,4.32
362,Springbok,ZA,2020-07-13 18:51:16,-29.66,17.89,42.8,93,56,17.22
363,Ormara,PK,2020-07-13 18:41:45,25.21,64.64,84.0,79,85,10.13
364,Huai Yot,TH,2020-07-13 18:49:20,7.79,99.63,73.35,95,100,1.43
365,Kuryk,KZ,2020-07-13 18:51:17,43.2,51.65,80.35,52,0,7.27
366,Vangaindrano,MG,2020-07-13 18:51:17,-23.35,47.6,66.74,91,3,6.91
367,Pakxan,LA,2020-07-13 18:51:17,18.38,103.66,76.1,88,42,3.56
368,Los Reyes,MX,2020-07-13 18:51:17,19.35,-98.97,71.6,40,40,5.82
369,Maningrida,AU,2020-07-13 18:51:18,-12.07,134.27,62.17,62,99,11.86
370,Chivay,PE,2020-07-13 18:51:18,-15.64,-71.6,58.89,28,10,4.16
371,Okhotsk,RU,2020-07-13 18:51:18,59.38,143.3,59.67,74,28,4.07
372,Burns Lake,CA,2020-07-13 18:51:18,54.23,-125.75,63.66,39,0,6.76
373,Emba,KZ,2020-07-13 18:51:18,48.83,58.14,84.94,24,21,14.43
374,Comodoro Rivadavia,AR,2020-07-13 18:49:28,-45.87,-67.5,42.8,35,40,13.87
375,Wanning,CN,2020-07-13 18:42:31,18.8,110.4,80.8,88,81,7.23
376,Saint George,US,2020-07-13 18:49:13,37.1,-113.58,106.0,14,1,6.93
377,Rocky Mountain House,CA,2020-07-13 18:51:19,52.37,-114.92,59.18,54,77,12.59
378,Lae,PG,2020-07-13 18:51:19,-6.72,146.98,75.29,78,100,5.37
379,Clinton,US,2020-07-13 18:51:19,42.59,-82.92,80.01,57,75,12.75
380,Cam Ranh,VN,2020-07-13 18:51:19,11.92,109.16,82.4,83,20,4.12
381,Saldanha,ZA,2020-07-13 18:51:20,-33.01,17.94,51.8,81,100,9.17
382,Westport,US,2020-07-13 18:51:20,41.14,-73.36,88.0,51,1,11.41
383,Sitka,US,2020-07-13 18:51:20,57.05,-135.33,55.4,82,90,12.75
384,Peschanokopskoye,RU,2020-07-13 18:51:20,46.2,41.08,70.29,83,100,4.09
385,Makakilo City,US,2020-07-13 18:51:20,21.35,-158.09,78.8,69,20,3.36
386,Salalah,OM,2020-07-13 18:51:20,17.02,54.09,82.4,94,75,8.05
387,Maragogi,BR,2020-07-13 18:49:37,-9.01,-35.22,78.58,73,0,6.31
388,Atar,MR,2020-07-13 18:51:21,20.52,-13.05,111.2,20,58,6.93
389,Lugovoy,KZ,2020-07-13 18:51:21,42.95,72.76,70.5,33,98,4.0
390,Qinzhou,CN,2020-07-13 18:51:21,21.95,108.62,81.59,84,0,4.32
391,Belyy Yar,RU,2020-07-13 18:51:21,53.6,91.39,66.2,82,100,4.47
392,Yafran,LY,2020-07-13 18:51:21,32.06,12.53,76.69,39,0,12.64
393,Huaiyin,CN,2020-07-13 18:51:22,33.59,119.02,68.49,94,100,2.46
394,Saint-Francois,FR,2020-07-13 18:51:22,46.42,3.91,82.4,23,56,10.29
395,Alice Springs,AU,2020-07-13 18:51:22,-23.7,133.88,33.8,69,0,4.7
396,Batasan,PH,2020-07-13 18:51:22,12.77,120.78,81.12,76,100,5.01
397,Neustadt,DE,2020-07-13 18:48:06,49.71,12.09,71.6,37,1,4.14
398,Inta,RU,2020-07-13 18:51:23,66.03,60.17,52.54,77,66,11.07
399,Poum,NC,2020-07-13 18:51:23,-20.23,164.02,72.21,80,100,15.97
400,Kandrian,PG,2020-07-13 18:51:23,-6.22,149.55,76.82,88,98,4.38
401,Achacachi,BO,2020-07-13 18:51:23,-16.05,-68.68,52.75,39,0,6.89
402,Karangasem,ID,2020-07-13 18:51:24,-8.45,115.62,78.8,100,75,14.99
403,Ahipara,NZ,2020-07-13 18:51:24,-35.17,173.17,53.85,89,89,4.45
404,Statesville,US,2020-07-13 18:51:24,35.78,-80.89,91.0,48,40,2.26
405,San Pedro,PH,2020-07-13 18:46:37,14.35,121.02,78.01,89,100,2.89
406,Bathurst,AU,2020-07-13 18:51:24,-33.42,149.58,39.99,99,91,7.47
407,Maues,BR,2020-07-13 18:51:24,-3.38,-57.72,88.75,55,89,1.88
408,Ejea De Los Caballeros,ES,2020-07-13 18:51:24,42.13,-1.14,78.8,29,50,23.04
409,Luderitz,NA,2020-07-13 18:51:25,-26.65,15.16,57.2,82,0,9.17
410,Qandala,SO,2020-07-13 18:51:25,11.47,49.87,92.57,48,97,6.22
411,Moree,AU,2020-07-13 18:42:07,-29.47,149.85,39.2,93,75,8.05
412,Pemba,MZ,2020-07-13 18:51:25,-12.97,40.52,75.2,83,40,14.99
413,Iwanai,JP,2020-07-13 18:51:25,42.97,140.51,58.33,91,43,3.89
414,Qaqortoq,GL,2020-07-13 18:51:25,60.72,-46.03,57.2,71,75,10.29
415,Suleja,NG,2020-07-13 18:51:26,9.18,7.18,73.47,93,98,5.14
416,Kamaishi,JP,2020-07-13 18:51:26,39.27,141.88,62.04,87,1,4.9
417,Pemangkat,ID,2020-07-13 18:51:26,1.17,108.97,77.83,85,100,2.28
418,Kununurra,AU,2020-07-13 18:51:26,-15.77,128.73,62.6,36,3,6.93
419,Carutapera,BR,2020-07-13 18:51:27,-1.2,-46.02,81.39,82,100,6.78
420,Kapit,MY,2020-07-13 18:51:27,2.02,112.93,74.05,94,100,1.81
421,Chicama,PE,2020-07-13 18:51:27,-7.84,-79.15,73.85,56,10,10.51
422,Camacha,PT,2020-07-13 18:51:27,33.08,-16.33,71.6,73,75,14.99
423,Sheregesh,RU,2020-07-13 18:51:27,52.92,87.99,55.18,92,100,0.36
424,Imphal,IN,2020-07-13 18:51:27,24.82,93.95,72.12,95,100,0.85
425,Ewo,CG,2020-07-13 18:51:28,-0.87,14.82,76.44,81,100,3.53
426,Ouadda,CF,2020-07-13 18:51:28,8.08,22.4,69.44,95,100,4.7
427,Belmonte,BR,2020-07-13 18:47:13,-15.86,-38.88,78.8,69,75,3.36
428,Kavieng,PG,2020-07-13 18:51:28,-2.57,150.8,81.64,77,100,10.83
429,Shakawe,BW,2020-07-13 18:51:28,-18.37,21.85,55.35,28,0,5.01
430,Sabha,LY,2020-07-13 18:51:29,27.04,14.43,87.33,17,0,13.18
431,Bermejo,AR,2020-07-13 18:51:29,-32.88,-68.8,39.2,80,75,3.36
432,Lompoc,US,2020-07-13 18:51:29,34.64,-120.46,69.01,72,3,8.05
433,Kyabe,TD,2020-07-13 18:51:29,9.45,18.94,77.99,81,74,1.86
434,Pacasmayo,PE,2020-07-13 18:51:29,-7.4,-79.57,68.13,71,5,13.18
435,Hovd,MN,2020-07-13 18:51:30,48.01,91.64,57.54,64,100,3.76
436,Yaounde,CM,2020-07-13 18:47:11,3.87,11.52,75.2,88,75,1.12
437,Mukhen,RU,2020-07-13 18:51:30,48.1,136.1,61.88,94,0,2.48
438,Chiang Khong,TH,2020-07-13 18:51:30,20.26,100.4,68.0,99,99,1.07
439,Sobolevo,RU,2020-07-13 18:51:30,54.43,31.9,53.08,93,66,5.95
440,Sao Felix Do Xingu,BR,2020-07-13 18:51:30,-6.64,-51.99,93.61,26,12,2.68
441,Beaverlodge,CA,2020-07-13 18:51:30,55.22,-119.44,64.4,48,75,20.8
442,Saquarema,BR,2020-07-13 18:51:31,-22.92,-42.51,87.8,38,0,5.82
443,Nizhnevartovsk,RU,2020-07-13 18:51:31,60.93,76.55,62.6,77,0,2.24
444,Linxia,CN,2020-07-13 18:51:31,35.6,103.21,61.56,86,100,3.36
445,Manggar,ID,2020-07-13 18:51:31,-2.88,108.27,81.27,83,100,13.69
446,Aklavik,CA,2020-07-13 18:51:31,68.22,-135.01,62.6,67,40,5.82
447,Kattivakkam,IN,2020-07-13 18:51:31,13.22,80.32,84.2,83,40,4.7
448,Turbat,PK,2020-07-13 18:51:32,26.0,63.04,81.21,79,46,6.64
449,Paea,PF,2020-07-13 18:51:32,-17.68,-149.58,78.8,74,75,2.24
450,Hamilton,US,2020-07-13 18:51:32,39.18,-84.53,87.01,48,20,4.7
451,Ambilobe,MG,2020-07-13 18:51:32,-13.2,49.05,68.09,78,3,3.22
452,Ust-Kalmanka,RU,2020-07-13 18:51:32,52.12,83.31,60.49,94,73,4.41
453,Vestmanna,FO,2020-07-13 18:51:33,62.16,-7.17,51.8,100,72,8.05
454,Sakakah,SA,2020-07-13 18:51:33,29.97,40.21,96.8,11,0,12.75
455,Nyaunglebin,MM,2020-07-13 18:51:33,17.95,96.73,75.27,94,100,1.86
456,Presidencia Roque Saenz Pena,AR,2020-07-13 18:51:33,-26.79,-60.44,64.27,47,50,9.98
457,Pangnirtung,CA,2020-07-13 18:51:34,66.15,-65.71,48.2,87,75,11.41
458,Toora-Khem,RU,2020-07-13 18:51:34,52.47,96.11,57.47,93,100,2.19
459,Oum Hadjer,TD,2020-07-13 18:51:34,13.3,19.7,92.28,39,0,7.52
460,Varnavino,RU,2020-07-13 18:51:34,57.4,45.09,65.86,97,98,4.76
461,Taoudenni,ML,2020-07-13 18:51:34,22.68,-3.98,105.31,18,2,8.99
462,Agadez,NE,2020-07-13 18:51:34,19.75,10.25,91.2,20,26,3.51
463,Plavinas,LV,2020-07-13 18:51:35,56.62,25.73,54.21,84,0,3.91
464,Rocha,UY,2020-07-13 18:41:48,-34.48,-54.33,46.2,55,0,16.24
465,Ishigaki,JP,2020-07-13 18:51:35,24.34,124.16,84.88,80,100,11.21
466,Yenagoa,NG,2020-07-13 18:51:35,4.92,6.26,75.47,90,100,5.7
467,Altamira,BR,2020-07-13 18:39:05,-3.2,-52.21,91.4,59,40,3.36
468,Hailar,CN,2020-07-13 18:51:35,49.2,119.7,62.11,86,96,4.0
469,Ondjiva,AO,2020-07-13 18:51:36,-17.07,15.73,59.97,29,0,7.16
470,Lasa,IT,2020-07-13 18:51:36,46.62,10.7,64.4,52,40,4.7
471,Aleksandrov Gay,RU,2020-07-13 18:51:36,50.15,48.57,88.59,18,0,9.31
472,Xiaolingwei,CN,2020-07-13 18:51:36,32.03,118.85,75.99,100,100,4.47
473,Nara,JP,2020-07-13 18:51:36,34.69,135.8,72.0,77,100,3.44
474,Placido De Castro,BR,2020-07-13 18:51:37,-10.34,-67.19,91.09,46,65,3.36
475,Ingham,US,2020-07-13 18:51:37,42.6,-84.38,77.0,56,90,10.29
476,Morehead,US,2020-07-13 18:42:43,37.27,-87.18,84.2,61,40,8.05
477,Nebolchi,RU,2020-07-13 18:51:37,59.12,33.35,55.17,92,98,2.73
478,Bilibino,RU,2020-07-13 18:51:37,68.05,166.44,57.09,70,38,3.67
479,Christchurch,NZ,2020-07-13 18:51:37,-43.53,172.63,26.6,100,0,2.24
480,Bubaque,GW,2020-07-13 18:51:38,11.28,-15.83,80.33,81,100,14.14
481,Esmeraldas,BR,2020-07-13 18:51:38,-19.76,-44.31,80.6,39,0,3.36
482,Edd,ER,2020-07-13 18:51:38,13.93,41.69,88.9,67,86,6.22
483,Santa Cruz,BO,2020-07-13 18:51:38,-17.8,-63.17,84.2,69,40,9.17
484,Svetlyy,RU,2020-07-13 18:51:38,54.67,20.13,59.0,82,75,8.95
485,Kotma,IN,2020-07-13 18:51:38,23.2,81.97,81.28,73,72,6.89
486,Pueblo Rico,CO,2020-07-13 18:51:39,5.24,-76.04,78.8,69,40,4.7
487,Bintulu,MY,2020-07-13 18:51:39,3.17,113.03,73.4,100,40,3.36
488,Eureka,US,2020-07-13 18:51:39,40.8,-124.16,63.0,79,2,4.0
489,Isiro,CD,2020-07-13 18:51:39,2.77,27.62,69.03,96,100,3.49
490,Rengali,IN,2020-07-13 18:51:39,21.63,84.05,83.05,74,100,5.1
491,Vila,PT,2020-07-13 18:48:23,42.03,-8.16,82.0,49,0,10.0
492,Stornoway,GB,2020-07-13 18:51:40,58.21,-6.39,54.0,93,92,18.34
493,Nelson,NZ,2020-07-13 18:51:40,-41.28,173.28,39.99,91,91,3.0
494,Bandar-E Lengeh,IR,2020-07-13 18:51:40,26.56,54.88,95.0,71,0,6.93
495,Alta Floresta,BR,2020-07-13 18:51:41,-9.88,-56.09,92.91,27,92,4.65
496,Izhma,RU,2020-07-13 18:51:41,65.01,53.91,54.25,63,0,1.54
497,Praia,CV,2020-07-13 18:42:02,14.92,-23.51,82.4,78,75,8.05
498,Ahmadpur,IN,2020-07-13 18:51:41,18.7,76.93,78.55,78,100,12.73
499,Nemuro,JP,2020-07-13 18:51:41,43.32,145.57,55.67,91,92,5.97
500,Klyuchi,RU,2020-07-13 18:51:41,52.27,79.17,60.91,88,96,7.94
501,Madinat Sittah Uktubar,EG,2020-07-13 18:51:42,29.82,31.05,86.0,48,0,12.75
502,Antakya,TR,2020-07-13 18:51:42,36.21,36.16,82.4,61,12,9.17
503,Santo Angelo,BR,2020-07-13 18:51:42,-28.3,-54.26,54.84,78,100,7.56
504,Awbari,LY,2020-07-13 18:51:42,26.59,12.78,89.15,13,0,12.39
505,Mecca,SA,2020-07-13 18:51:42,21.43,39.83,83.26,33,92,2.95
506,Belem De Sao Francisco,BR,2020-07-13 18:51:43,-8.75,-38.97,87.94,33,11,16.78
507,Khed Brahma,IN,2020-07-13 18:51:43,24.03,73.05,85.59,71,89,7.36
508,Axim,GH,2020-07-13 18:51:43,4.87,-2.24,75.15,86,50,11.77
509,Saint-Pierre,RE,2020-07-13 18:51:43,-21.34,55.48,66.2,77,0,4.7
510,Palmer,US,2020-07-13 18:41:52,42.16,-72.33,82.0,69,75,5.84
511,Paracin,RS,2020-07-13 18:51:43,43.86,21.41,68.0,45,40,4.7
512,Carbonia,IT,2020-07-13 18:51:44,39.17,8.52,86.0,79,40,10.29
513,Lucapa,AO,2020-07-13 18:51:44,-8.42,20.74,73.69,32,1,3.31
514,Botucatu,BR,2020-07-13 18:51:44,-22.89,-48.45,75.34,53,14,7.09
515,San Policarpo,PH,2020-07-13 18:51:44,12.18,125.51,79.74,84,100,5.26
516,Sztum,PL,2020-07-13 18:51:44,53.92,19.03,62.01,71,82,5.99
517,Adrar,MR,2020-07-13 18:51:44,20.5,-10.07,105.37,11,48,10.02
518,Grand Gaube,MU,2020-07-13 18:51:44,-20.01,57.66,72.0,78,1,5.99
519,Hashtrud,IR,2020-07-13 18:51:45,37.48,47.05,66.51,58,89,6.13
520,Bichura,RU,2020-07-13 18:51:45,50.59,107.6,61.56,79,0,2.84
521,Muros,ES,2020-07-13 18:51:45,42.78,-9.06,73.99,59,13,18.99
522,Villa Bruzual,VE,2020-07-13 18:51:45,9.33,-69.12,85.6,73,49,2.24
523,Kieta,PG,2020-07-13 18:51:45,-6.22,155.63,78.73,77,100,1.25
524,Miandrivazo,MG,2020-07-13 18:51:45,-19.52,45.47,69.53,72,0,1.21
525,Astoria,US,2020-07-13 18:49:30,46.19,-123.83,64.99,72,1,10.29
526,Nome,US,2020-07-13 18:51:46,64.5,-165.41,59.0,71,1,3.36
527,Bulata,PH,2020-07-13 18:51:46,9.86,122.4,81.41,75,100,1.99
528,Hundested,DK,2020-07-13 18:51:46,55.97,11.87,64.0,47,0,14.2
529,Waghausel,DE,2020-07-13 18:51:46,49.26,8.51,77.0,38,80,6.58
530,Ketchikan,US,2020-07-13 18:51:46,55.34,-131.65,59.0,82,90,9.17
531,Indianola,US,2020-07-13 18:48:21,41.36,-93.56,84.99,51,75,17.22
532,Terra Santa,BR,2020-07-13 18:51:47,-2.1,-56.49,91.22,49,1,2.19
533,Kisac,RS,2020-07-13 18:51:47,45.35,19.73,68.0,45,8,5.82
534,Fomboni,KM,2020-07-13 18:51:47,-12.28,43.74,77.18,73,0,9.13
535,Wakkanai,JP,2020-07-13 18:51:47,45.41,141.67,55.96,92,7,9.01
536,Shizuishan,CN,2020-07-13 18:51:47,39.23,106.77,77.72,50,100,6.42
537,Ayan,RU,2020-07-13 18:51:47,56.45,138.17,53.13,92,0,7.38
538,Jinchang,CN,2020-07-13 18:51:48,38.5,102.17,75.96,40,99,5.28
539,Kalengwa,ZM,2020-07-13 18:51:48,-13.47,25.0,63.03,33,0,3.71
540,Bitung,ID,2020-07-13 18:51:48,1.45,125.18,73.4,94,20,3.36
541,Maniitsoq,GL,2020-07-13 18:51:48,65.42,-52.9,45.57,79,0,22.35
542,Salinopolis,BR,2020-07-13 18:49:13,-0.61,-47.36,82.27,79,58,11.07
543,Vrangel,RU,2020-07-13 18:51:48,42.73,133.08,58.12,89,3,2.57
544,Araouane,ML,2020-07-13 18:51:49,18.9,-3.53,105.33,15,82,7.56
545,Bull Savanna,JM,2020-07-13 18:42:33,17.89,-77.59,86.65,60,11,14.88
546,Bambanglipuro,ID,2020-07-13 18:51:49,-7.95,110.28,76.08,84,59,3.29
547,Kupang,ID,2020-07-13 18:48:58,-10.17,123.58,75.94,75,6,14.99
548,Sebring,US,2020-07-13 18:51:49,27.5,-81.44,96.01,52,75,10.29
549,Saint-Joseph,RE,2020-07-13 18:51:49,-21.37,55.62,66.2,77,19,4.7
550,San Jose,US,2020-07-13 18:47:37,37.34,-121.89,82.0,47,1,3.56
551,Hornepayne,CA,2020-07-13 18:51:50,49.21,-84.77,78.51,26,0,4.43
552,Rio Verde De Mato Grosso,BR,2020-07-13 18:51:50,-18.92,-54.84,91.27,30,1,5.66
